id,output
0,0.8806233608553582
1,0.7910867684787379
2,0.28499557589834656
3,0.23936021739506808
4,0.9350050278551834
5,0.9806844799938255
6,0.9806844799938255
7,0.6502211019153292
8,0.7849073732006363
9,0.9323460724973267
10,0.9816149193222757
11,0.9075978228336674
12,0.93358176434718
13,0.9807357984431548
14,0.3447909385241788
15,0.9816149193222757
16,0.845016425916888
17,0.9816149193222757
18,0.8737295519105216
19,0.9801193292523886
20,0.7388853875525723
21,0.6889099568403232
22,0.23978434985215205
23,0.15434931314177064
24,0.3641683221446252
25,0.7365071844654787
26,0.6832586387867751
27,0.7832549896427956
28,0.918121752338092
29,0.7824857565250106
30,0.910284335269894
31,0.8838992994559528
32,0.7437337905123439
33,0.7834947781969872
34,0.6832586387867751
35,0.9816149193222757
36,0.9005167329723792
37,0.9533445609522281
38,0.7368090334942851
39,0.8820110816498904
40,0.810152042650231
41,0.18300673670255305
42,0.8044301986508539
43,0.8977043040263006
44,0.9314288834470993
45,0.9303057173428132
46,0.28499557589834656
47,0.8977043040263006
48,0.675315914474587
49,0.9748180184017532
50,0.2872526446722693
51,0.6858248176674541
52,0.9373272895315545
53,0.11685930258980601
54,0.11712153103168989
55,0.7913359662322782
56,0.5246690196187709
57,0.7980230740927514
58,0.9691130319693475
59,0.860720936963687
60,0.8473094973408464
61,0.14417452121044902
62,0.808085290403761
63,0.7834947781969872
64,0.29863674070412133
65,0.6804585566852509
66,0.17004128724611126
67,0.7042862891519797
68,0.8618471169296186
69,0.9816149193222757
70,0.7986938321939994
71,0.7865493801094372
72,0.7826990651574526
73,0.6874849332336818
74,0.972840947128238
75,0.7823251551371203
76,0.9816149193222757
77,0.13690664739250838
78,0.8055828213270095
79,0.808085290403761
80,0.9682226443731128
81,0.8820842471747882
82,0.9492751414680943
83,0.45221123670721974
84,0.7930662713679544
85,0.9814449233015834
86,0.868972815957877
87,0.9084250596656083
88,0.6315680007685105
89,0.9816149193222757
90,0.8558709586772522
91,0.9807357984431548
92,0.9005167329723792
93,0.6746986491730982
94,0.7770793417074383
95,0.8521926294119446
96,0.7643154678773647
97,0.9809903778470378
98,0.795794141617879
99,0.9373181277662088
100,0.5925893858737095
101,0.7828490254112198
102,0.7799298156440727
103,0.6869372577219022
104,0.9044741119598606
105,0.7694873514256875
106,0.8627264617211654
107,0.9801193292523886
108,0.8835894466859544
109,0.6781577727814634
110,0.9323460724973267
111,0.9790415514746111
112,0.9816149193222757
113,0.9271877359385481
114,0.7631892864326671
115,0.7735211850778189
116,0.7475294503136513
117,0.7674893050540922
118,0.7988115075255965
119,0.7804032257027843
120,0.7740511956078292
121,0.9005262988835325
122,0.2870964443166155
123,0.8073487632048477
124,0.5917405948797037
125,0.7990593017921234
126,0.08527969864022199
127,0.13215464651869582
128,0.09751334504454895
129,0.8756227039984031
130,0.8521926294119446
131,0.9358483960435692
132,0.795676798502866
133,0.675315914474587
134,0.6784010536474563
135,0.7531997902011401
136,0.6715541994352769
137,0.8624883664830701
138,0.8055857542064095
139,0.7740511956078292
140,0.745935278233519
141,0.808085290403761
142,0.8816056762444849
143,0.5596158275374966
144,0.5176358319336335
145,0.9492751414680943
146,0.7955446745992724
147,0.8599204205985218
148,0.7556229147881772
149,0.7808086311081898
150,0.6804585566852509
151,0.7884032257027844
152,0.7977849948049593
153,0.810152042650231
154,0.9801193292523886
155,0.5735083243288195
156,0.9816149193222757
157,0.7904049502969198
158,0.93454889890339
159,0.8835894466859544
160,0.8748328132093549
161,0.4321795574370348
162,0.7335114003626195
163,0.8835894466859544
164,0.6242844182589834
165,0.9816149193222757
166,0.9783758146415572
167,0.8033702321207987
168,0.7834947781969872
169,0.7517062384624907
170,0.7943078060296793
171,0.9816149193222757
172,0.7986938321939994
173,0.6784010536474563
174,0.8811282433300804
175,0.8598742040087985
176,0.8972606365633385
177,0.9085281324746616
178,0.9757966637829278
179,0.9816149193222757
180,0.7065254460029236
181,0.15038165556415226
182,0.8183052346914643
183,0.23983078096511956
184,0.6962715644687222
185,0.3984900482840412
186,0.30039840030974313
187,0.8066872674247766
188,0.2651127670369508
189,0.7849073732006363
190,0.24888005153786744
191,0.34952141608708964
192,0.9682226443731128
193,0.9271877359385481
194,0.3010386339144182
195,0.9748180184017532
196,0.7988115075255965
197,0.8946643985343896
198,0.9790415514746111
199,0.9107721812101555
200,0.6783559534182406
201,0.9816149193222757
202,0.9619958518739208
203,0.7910867684787379
204,0.34229299912865857
205,0.1433896518953613
206,0.7642343037815302
207,0.9037092767950254
208,0.15132050566436983
209,0.7980122180138598
210,0.9619958518739208
211,0.9816149193222757
212,0.7916670263735481
213,0.7985033773067803
214,0.20230763547095734
215,0.7740511956078292
216,0.9663279075310075
217,0.6853161418245698
218,0.9807357984431548
219,0.6708846078841271
220,0.781235334483155
221,0.9319980532451981
222,0.549721467405234
223,0.8455553627038581
224,0.18560792871446088
225,0.6682224631034402
226,0.7296552603758361
227,0.9317568066906696
228,0.7518783598515832
229,0.8692925104959061
230,0.9783758146415572
231,0.905357740090722
232,0.17178238450844735
233,0.6784010536474563
234,0.7631892864326671
235,0.10798777146272702
236,0.7943078060296793
237,0.6107039806785458
238,0.810152042650231
239,0.14507914569425417
240,0.9798903819102774
241,0.41730833225860064
242,0.7988115075255965
243,0.09130924971562836
244,0.7863607861621296
245,0.840467644021512
246,0.7512512310716914
247,0.08131491413803195
248,0.7980327890714862
249,0.6057404041958673
250,0.9085281324746616
251,0.8558709586772522
252,0.8780185017663511
253,0.9816149193222757
254,0.7619445985238705
255,0.880503035459736
256,0.18300673670255305
257,0.7951471780103557
258,0.810152042650231
259,0.9816149193222757
260,0.27785856535627856
261,0.5990791600674359
262,0.7694873514256875
263,0.963890588716026
264,0.9790415514746111
265,0.5708637430745882
266,0.795794141617879
267,0.6453635167760103
268,0.8330116769226966
269,0.7134892401692535
270,0.8946643985343896
271,0.9089728447618244
272,0.8103187412577693
273,0.8094155154513176
274,0.9359544914025726
275,0.9006713369933337
276,0.7988115075255965
277,0.8312317188465692
278,0.7986938321939994
279,0.9314288834470993
280,0.5905024006354511
281,0.7797613432317823
282,0.7740511956078292
283,0.11423728323517192
284,0.9215431762928794
285,0.598133340480606
286,0.808085290403761
287,0.6453635167760103
288,0.3140672151312531
289,0.9776914006250331
290,0.6241715813311703
291,0.9684921402484231
292,0.869744075021819
293,0.7638241601097726
294,0.796415351181341
295,0.9682226443731128
296,0.8054152005449678
297,0.08501995838048172
298,0.7637053942564672
299,0.9220314005967747
300,0.6241715813311703
301,0.8693867717864154
302,0.9680414009223045
303,0.9070968294323528
304,0.7843773626706257
305,0.9075978228336674
306,0.7785286354358791
307,0.6727083164581735
308,0.5912894835617589
309,0.13954492189581036
310,0.7988115075255965
311,0.7910867684787379
312,0.7816639166742102
313,0.9303057173428132
314,0.8484674688430873
315,0.7708800519419488
316,0.9816149193222757
317,0.9816149193222757
318,0.8778701823266524
319,0.9816149193222757
320,0.78577564868758
321,0.5991088485208935
322,0.7843773626706257
323,0.8946643985343896
324,0.9801193292523886
325,0.16179586624028663
326,0.6484466409426419
327,0.9409596604241572
328,0.5407601903738418
329,0.8401413994132225
330,0.4369605846449498
331,0.8835894466859544
332,0.09464879615862308
333,0.810152042650231
334,0.9816149193222757
335,0.6801734996139059
336,0.9224875612194738
337,0.7460327445237073
338,0.8611263423690925
339,0.4369605846449498
340,0.9084250596656083
341,0.800321373873144
342,0.9807357984431548
343,0.7851911631022627
344,0.8264182237927941
345,0.972840947128238
346,0.9816149193222757
347,0.23044583999994925
348,0.7922410537832094
349,0.7053001487373485
350,0.7698456749226845
351,0.9492751414680943
352,0.792002958545114
353,0.9816149193222757
354,0.8085730952818099
355,0.6784010536474563
356,0.21262726419550848
357,0.9806844799938255
358,0.38374328089021487
359,0.808085290403761
360,0.17971054495050873
361,0.7986938321939994
362,0.7990593017921234
363,0.08975734249771511
364,0.9801193292523886
365,0.9806844799938255
366,0.8619052167245604
367,0.7849073732006363
368,0.21341135201770123
369,0.28829283559509045
370,0.28829283559509045
371,0.8091234919837688
372,0.6801734996139059
373,0.8044301986508539
374,0.7862114815317898
375,0.9790415514746111
376,0.9300652470834627
377,0.8343657545665952
378,0.9178815436456277
379,0.3285188575002562
380,0.6611182115926606
381,0.7965656256272814
382,0.9816149193222757
383,0.6897848670641092
384,0.7804032257027843
385,0.7857556349593274
386,0.968745304805385
387,0.7849073732006363
388,0.7779196164849982
389,0.9303057173428132
390,0.551081134378936
391,0.7891768945177432
392,0.800321373873144
393,0.8055828213270095
394,0.7998437220824376
395,0.10449229826506498
396,0.9816149193222757
397,0.7810696316073311
398,0.7863607861621296
399,0.9280634841230102
400,0.778915445193728
401,0.7086905596962525
402,0.2498899003379784
403,0.7837683936734241
404,0.5917405948797037
405,0.9341573255948283
406,0.8780185017663511
407,0.6241715813311703
408,0.905715703528583
409,0.7846864054226996
410,0.1832612821570985
411,0.8002906990265182
412,0.1909695342688594
413,0.8658102802927792
414,0.7629190161623969
415,0.8079777915643789
416,0.29895600100678776
417,0.9005262988835325
418,0.18254517276558135
419,0.7843773626706257
420,0.7910867684787379
421,0.9407297751322963
422,0.6949462535398702
423,0.8298713725441234
424,0.883184041280549
425,0.8965777953975835
426,0.6348432788828631
427,0.8478668709210381
428,0.9351513689195703
429,0.6801734996139059
430,0.8050298297210665
431,0.8560736538935485
432,0.9814449233015834
433,0.8806233608553582
434,0.8078471951656658
435,0.784637102930366
436,0.9287305337805963
437,0.8965777953975835
438,0.09709968484005743
439,0.7947596818142797
440,0.9771052880290086
441,0.1960246485149318
442,0.7991349331951778
443,0.7497709958807164
444,0.7932282795173745
445,0.8053999576757442
446,0.883184041280549
447,0.7826990651574526
448,0.23291385922423116
449,0.7691943286890592
450,0.7857556349593274
451,0.9084250596656083
452,0.8044301986508539
453,0.963890588716026
454,0.7740511956078292
455,0.800321373873144
456,0.9776914006250331
457,0.9816149193222757
458,0.26456731249149623
459,0.19587578153568422
460,0.7980122180138598
461,0.7834947781969872
462,0.1924030669639764
463,0.7976144080454328
464,0.14507914569425417
465,0.8835894466859544
466,0.9814449233015834
467,0.7365762575675613
468,0.9816149193222757
469,0.9816149193222757
470,0.8820842471747882
471,0.7849073732006363
472,0.7910867684787379
473,0.9816149193222757
474,0.9816149193222757
475,0.9816149193222757
476,0.7890956499786022
477,0.5839410614732619
478,0.6591646955169481
479,0.7843773626706257
480,0.8473639618461543
481,0.1043050283580872
482,0.9816149193222757
483,0.9745832338795993
484,0.07461079030244067
485,0.7837683936734241
486,0.8806024479905953
487,0.8965777953975835
488,0.8521926294119446
489,0.9757671189893832
490,0.7887677650694481
491,0.13037916777802722
492,0.6299357363125315
493,0.212000079580483
494,0.808085290403761
495,0.9816149193222757
496,0.9098293058439613
497,0.7740511956078292
498,0.9054266967383785
499,0.968745304805385
500,0.9814449233015834
501,0.924119871116626
502,0.9383901085228571
503,0.7707988878461144
504,0.8085730952818099
505,0.7849073732006363
506,0.8820110816498904
507,0.9816149193222757
508,0.6820116066001292
509,0.7977739187740858
510,0.7826990651574526
511,0.0831133364633412
512,0.9294345450142985
513,0.7988115075255965
514,0.7621074086644984
515,0.27636982125239845
516,0.8892130362063138
517,0.17626742768682074
518,0.9350050278551834
519,0.7943078060296793
520,0.7858729812840809
521,0.08532705046504231
522,0.1622315288389281
523,0.2098876235583421
524,0.7721553289409415
525,0.7509383764104319
526,0.7982555830402535
527,0.7973610746786675
528,0.9816149193222757
529,0.09956884329754914
530,0.8103187412577693
531,0.7517062384624907
532,0.6801734996139059
533,0.784637102930366
534,0.9220314005967747
535,0.22803374692844622
536,0.8054152005449678
537,0.972840947128238
538,0.6801734996139059
539,0.8250271931082936
540,0.7944273199579187
541,0.8816056762444849
542,0.840467644021512
543,0.7968564521825194
544,0.14536126819840084
545,0.08501995838048172
546,0.9776914006250331
547,0.9816149193222757
548,0.810152042650231
549,0.08737668792193859
550,0.9085281324746616
551,0.9594935589083198
552,0.9544754192155626
553,0.24872659974375805
554,0.8088698245346115
555,0.7259494506802651
556,0.9064508120253564
557,0.8172305846653991
558,0.7814229528187886
559,0.6404593100688963
560,0.304574221491976
561,0.773780925337559
562,0.7960778207492325
563,0.41364932949886557
564,0.7849073732006363
565,0.1478309789502401
566,0.9250485410366207
567,0.7548072862171762
568,0.8506851924450983
569,0.5123731137616823
570,0.6727083164581735
571,0.677205517488825
572,0.7837683936734241
573,0.9807357984431548
574,0.963890588716026
575,0.6962715644687222
576,0.9816149193222757
577,0.9809743350662892
578,0.1526695802239998
579,0.7832549896427956
580,0.7735211850778189
581,0.808085290403761
582,0.7843773626706257
583,0.9661366091532112
584,0.41364932949886557
585,0.6242844182589834
586,0.8820110816498904
587,0.7596882867838953
588,0.8275928915314652
589,0.9816149193222757
590,0.9814449233015834
591,0.6850350931351595
592,0.9408244465686515
593,0.7721241559353426
594,0.9790415514746111
595,0.6832586387867751
596,0.5708637430745882
597,0.269238000997934
598,0.8756227039984031
599,0.9801193292523886
600,0.21731921092059336
601,0.3431971447397565
602,0.7946925400732957
603,0.7517062384624907
604,0.8925697216575423
605,0.9373272895315545
606,0.9351558638008467
607,0.9816149193222757
608,0.14843919743588652
609,0.9816149193222757
610,0.8055828213270095
611,0.26162584985719517
612,0.8613540489574446
613,0.8371118508904714
614,0.9816149193222757
615,0.9814449233015834
616,0.5773450912948426
617,0.8820842471747882
618,0.9816149193222757
619,0.7901668550588247
620,0.598133340480606
621,0.24903211357784769
622,0.5735083243288195
623,0.9103072626657404
624,0.9029129926643898
625,0.9801193292523886
626,0.26162584985719517
627,0.08476541292593627
628,0.6433516374227694
629,0.10680102447477523
630,0.4324404739358172
631,0.9393096993022954
632,0.21769467920400118
633,0.6603757046912601
634,0.6783559534182406
635,0.7610848094334532
636,0.8524540468321937
637,0.7977849948049593
638,0.7740511956078292
639,0.6666966142959581
640,0.9814449233015834
641,0.9317568066906696
642,0.6531161767155205
643,0.9373181277662088
644,0.7837683936734241
645,0.6832586387867751
646,0.27731311081082394
647,0.972840947128238
648,0.7719467186086153
649,0.11739180130196016
650,0.9816149193222757
651,0.9757966637829278
652,0.7740511956078292
653,0.7740511956078292
654,0.9548127546059783
655,0.9814449233015834
656,0.8051258072942575
657,0.9067388659944917
658,0.7348898905140413
659,0.24888005153786744
660,0.6453635167760103
661,0.9022133993811176
662,0.972840947128238
663,0.42305132777196297
664,0.6971367505866221
665,0.6783315054600343
666,0.9029076238811824
667,0.8894584760770147
668,0.606361319228547
669,0.7957335329995229
670,0.6657412982875236
671,0.9533436468947595
672,0.7931381829698124
673,0.8100606767416402
674,0.8085730952818099
675,0.09849019153028146
676,0.7888086311081897
677,0.7943078060296793
678,0.7533556375537824
679,0.7740511956078292
680,0.17749815693691587
681,0.9802094999014541
682,0.7986938321939994
683,0.9816149193222757
684,0.9379044019571343
685,0.7799298156440727
686,0.7834947781969872
687,0.9070168768978827
688,0.9392680383207705
689,0.6704879892514066
690,0.9816149193222757
691,0.9816149193222757
692,0.9050276274874676
693,0.7168092081498101
694,0.8460826942994965
695,0.7823251551371203
696,0.7958397255111374
697,0.9107721812101555
698,0.7938200011516305
699,0.8437093485145769
700,0.7799557311746278
701,0.8842459082697048
702,0.935848947698215
703,0.9814449233015834
704,0.6746986491730982
705,0.5744054535154223
706,0.7856555570464469
707,0.39102363852466765
708,0.9807357984431548
709,0.9056579591418503
710,0.9783758146415572
711,0.10324561500311993
712,0.9790415514746111
713,0.8820842471747882
714,0.8445737676118334
715,0.7849073732006363
716,0.9548127546059783
717,0.9816149193222757
718,0.826160159276665
719,0.7832383831434135
720,0.7832549896427956
721,0.551081134378936
722,0.7980327890714862
723,0.9814449233015834
724,0.6545625555139212
725,0.7843773626706257
726,0.840467644021512
727,0.8403002338262375
728,0.6242844182589834
729,0.6242844182589834
730,0.9816149193222757
731,0.9084250596656083
732,0.9355038830529756
733,0.8049046775481012
734,0.088646231386604
735,0.7826990651574526
736,0.4277058732265085
737,0.10542887142040769
738,0.9814449233015834
739,0.7779196164849982
740,0.8820842471747882
741,0.9814449233015834
742,0.7631892864326671
743,0.942111707207783
744,0.9226656213504109
745,0.7980428928604856
746,0.9814449233015834
747,0.7828028962014223
748,0.5340484122859128
749,0.41364932949886557
750,0.6962715644687222
751,0.7901013328258975
752,0.8823055074314674
753,0.8381847822517956
754,0.9807357984431548
755,0.7785286354358791
756,0.9619958518739208
757,0.7803622480765052
758,0.9806844799938255
759,0.810152042650231
760,0.7961746340007013
761,0.8849526689913492
762,0.8546205310344193
763,0.9409596604241572
764,0.08020387728285967
765,0.9816149193222757
766,0.8078471951656658
767,0.7395502493146933
768,0.1466178805185945
769,0.7948979081932128
770,0.9094865726090556
771,0.8089277105732688
772,0.9801193292523886
773,0.3406586464487175
774,0.7961746340007013
775,0.7982555830402535
776,0.9814449233015834
777,0.9776609360401131
778,0.8325326540381327
779,0.8693782213632822
780,0.7740511956078292
781,0.9790415514746111
782,0.7980428928604856
783,0.14536126819840084
784,0.7832383831434135
785,0.7890956499786022
786,0.3294012995970255
787,0.9814449233015834
788,0.8656923154886613
789,0.7849073732006363
790,0.8272972426648778
791,0.7740511956078292
792,0.9798903819102774
793,0.8421241395761898
794,0.972840947128238
795,0.6073125161965048
796,0.8061387458123526
797,0.7740511956078292
798,0.7719467186086153
799,0.5669432847787794
800,0.9814449233015834
801,0.9816149193222757
802,0.2962591185616272
803,0.9816149193222757
804,0.8835894466859544
805,0.8521926294119446
806,0.9314288834470993
807,0.7928789711963988
808,0.7819687366624183
809,0.9798595889926485
810,0.7982555830402535
811,0.8977043040263006
812,0.9776914006250331
813,0.2577423702277507
814,0.7832383831434135
815,0.7735211850778189
816,0.4369605846449498
817,0.7999011102428368
818,0.07863198730876365
819,0.1026111713398772
820,0.08799840083517457
821,0.8411534156573467
822,0.18933676209765543
823,0.9816149193222757
824,0.9816149193222757
825,0.796979571056959
826,0.7990593017921234
827,0.9816149193222757
828,0.9096051859009157
829,0.8038742741655109
830,0.9798595889926485
831,0.8255653621189171
832,0.7735211850778189
833,0.9409596604241572
834,0.808085290403761
835,0.5513610731200058
836,0.8725680369059964
837,0.9251950046168708
838,0.7843773626706257
839,0.7799298156440727
840,0.8044301986508539
841,0.9364382135048721
842,0.09941145892886492
843,0.9816149193222757
844,0.7986938321939994
845,0.7862114815317898
846,0.8403002338262375
847,0.09446361097343789
848,0.7888086311081897
849,0.778915445193728
850,0.7943078060296793
851,0.8693782213632822
852,0.9350050278551834
853,0.9314288834470993
854,0.9816149193222757
855,0.23722039112562143
856,0.7429969449088767
857,0.596940801615307
858,0.7799298156440727
859,0.7849073732006363
860,0.7832549896427956
861,0.6704879892514066
862,0.9362655251406321
863,0.8786853038085846
864,0.810152042650231
865,0.8090249994393688
866,0.6801734996139059
867,0.7988115075255965
868,0.7849073732006363
869,0.6804585566852509
870,0.9409596604241572
871,0.6869372577219022
872,0.5653209769771735
873,0.873187027898694
874,0.8433739837887627
875,0.7843773626706257
876,0.7901013328258975
877,0.946312531904406
878,0.13864489725200413
879,0.7947596818142797
880,0.6804585566852509
881,0.7970923045939464
882,0.09385858411636815
883,0.9790415514746111
884,0.9816149193222757
885,0.6867680543361919
886,0.26162584985719517
887,0.9447727046211025
888,0.2947934413816643
889,0.7694873514256875
890,0.7968259324780899
891,0.14367452121044902
892,0.7910867684787379
893,0.9814449233015834
894,0.9072878742703583
895,0.9316163834470992
896,0.8693386696164136
897,0.10593867534197632
898,0.8820842471747882
899,0.1909695342688594
900,0.7944273199579187
901,0.9816149193222757
902,0.9807357984431548
903,0.9369792702794257
904,0.9807357984431548
905,0.8929660191995025
906,0.7922410537832094
907,0.9816149193222757
908,0.8560736538935485
909,0.751408964645726
910,0.7980122180138598
911,0.9814449233015834
912,0.9809903778470378
913,0.9816149193222757
914,0.6906244567371771
915,0.1667624983557216
916,0.9807357984431548
917,0.6715541994352769
918,0.7699196164849981
919,0.8965777953975835
920,0.7849073732006363
921,0.7959365387626062
922,0.7740511956078292
923,0.9447727046211025
924,0.9315600018766486
925,0.9254275627564058
926,0.8550259364398248
927,0.6241715813311703
928,0.9816149193222757
929,0.7824393248977124
930,0.9373272895315545
931,0.7689995465476387
932,0.30817949738081507
933,0.792002958545114
934,0.7904049502969198
935,0.18037451283898062
936,0.9075415417195155
937,0.8001432440179214
938,0.20633637138271627
939,0.8103187412577693
940,0.9021544976773574
941,0.9084250596656083
942,0.48328283008066314
943,0.8778701823266524
944,0.8977043040263006
945,0.9745832338795993
946,0.9694355017567688
947,0.9816149193222757
948,0.924411758518309
949,0.9056579591418503
950,0.9816149193222757
951,0.8806024479905953
952,0.7922410537832094
953,0.09794578174890203
954,0.09669696169215125
955,0.7977849948049593
956,0.6651663042648677
957,0.7856555570464469
958,0.9708924492235411
959,0.9005167329723792
960,0.8290774624450975
961,0.9816149193222757
962,0.7814229528187886
963,0.8613540489574446
964,0.9816149193222757
965,0.9682336816896832
966,0.7944273199579187
967,0.8131341505102612
968,0.946312531904406
969,0.7880509169086325
970,0.9365976617733374
971,0.9816149193222757
972,0.9090087862906173
973,0.9277770017452052
974,0.7856555570464469
975,0.6867680543361919
976,0.7898278338512568
977,0.7861247446901264
978,0.7849073732006363
979,0.6129192089074847
980,0.7396043679179104
981,0.6422542675403582
982,0.27785856535627856
983,0.8103187412577693
984,0.9816149193222757
985,0.942111707207783
986,0.8061387458123526
987,0.9816149193222757
988,0.8940917951907887
989,0.7621074086644984
990,0.907857462261112
991,0.17802379796255688
992,0.7954538326785557
993,0.9814449233015834
994,0.3497125876310151
995,0.7828028962014223
996,0.6666966142959581
997,0.5542775550980502
998,0.9355657576663531
999,0.9323460724973267
1000,0.10716569300237073
1001,0.9682226443731128
1002,0.8844672223659884
1003,0.29186780539168383
1004,0.7790948032545438
1005,0.8655794488588582
1006,0.9776914006250331
1007,0.883184041280549
1008,0.7973610746786675
1009,0.2653673124914963
1010,0.778915445193728
1011,0.9790415514746111
1012,0.7980428928604856
1013,0.9801193292523886
1014,0.7837683936734241
1015,0.9776914006250331
1016,0.3668599543429009
1017,0.8508362584904846
1018,0.9801193292523886
1019,0.7454853840566141
1020,0.9005262988835325
1021,0.2998689492316966
1022,0.9816149193222757
1023,0.7967913055053945
1024,0.7631892864326671
1025,0.886743478561462
1026,0.7990593017921234
1027,0.8965777953975835
1028,0.8869813047854781
1029,0.9125282239738514
1030,0.9359636531679181
1031,0.9801193292523886
1032,0.6916256394755109
1033,0.779846924022886
1034,0.8085730952818099
1035,0.9682226443731128
1036,0.2673240785512438
1037,0.9365976617733374
1038,0.869744075021819
1039,0.6953267636386464
1040,0.08650425197328378
1041,0.7980122180138598
1042,0.549721467405234
1043,0.4855356723000891
1044,0.8740875837696364
1045,0.09964624250656703
1046,0.9816149193222757
1047,0.7981445729957025
1048,0.7888086311081897
1049,0.6922791654473031
1050,0.9271877359385481
1051,0.8646879961957841
1052,0.9816149193222757
1053,0.9619958518739208
1054,0.6092110433440938
1055,0.784637102930366
1056,0.810152042650231
1057,0.7740511956078292
1058,0.31899421085604546
1059,0.18337779320459513
1060,0.4549605846449498
1061,0.7781247446901263
1062,0.8929276850954033
1063,0.808085290403761
1064,0.8686454014212882
1065,0.9816149193222757
1066,0.7834947781969872
1067,0.93454889890339
1068,0.7947596818142797
1069,0.9097501001493957
1070,0.6804585566852509
1071,0.9802094999014541
1072,0.7609301849714148
1073,0.7959365387626062
1074,0.9061963573445388
1075,0.19590052572124608
1076,0.24601192730832352
1077,0.7843773626706257
1078,0.8364160276328299
1079,0.4369605846449498
1080,0.7834947781969872
1081,0.9035043802974947
1082,0.9392680383207705
1083,0.7725295613407478
1084,0.9816149193222757
1085,0.9055511960542162
1086,0.883184041280549
1087,0.8565799830074725
1088,0.8085730952818099
1089,0.7797004379787207
1090,0.8264182237927941
1091,0.9034837659394123
1092,0.6784010536474563
1093,0.9816149193222757
1094,0.13829929363610435
1095,0.7038027439020722
1096,0.7863607861621296
1097,0.8706028173890334
1098,0.804927395666919
1099,0.7197631591939735
1100,0.924411758518309
1101,0.7943078060296793
1102,0.793693015147613
1103,0.9757966637829278
1104,0.9816149193222757
1105,0.8267492514696723
1106,0.9814449233015834
1107,0.9498914331422345
1108,0.8411962399854492
1109,0.7527971713548733
1110,0.808085290403761
1111,0.749018288156192
1112,0.7849073732006363
1113,0.0769505564817604
1114,0.8453630506923314
1115,0.9801193292523886
1116,0.7837683936734241
1117,0.10439223406774847
1118,0.9814449233015834
1119,0.7814229528187886
1120,0.7988115075255965
1121,0.7837683936734241
1122,0.9740575750939955
1123,0.9398094003687107
1124,0.8498030911229857
1125,0.9061963573445388
1126,0.8050298297210665
1127,0.9373272895315545
1128,0.7880102634210333
1129,0.8620105105411947
1130,0.9814449233015834
1131,0.9081701690368006
1132,0.9816149193222757
1133,0.8820842471747882
1134,0.6502211019153292
1135,0.806994147913389
1136,0.7882285875525479
1137,0.6971367505866221
1138,0.7997862316725662
1139,0.9801193292523886
1140,0.8965777953975835
1141,0.7921090849388238
1142,0.5954853493595631
1143,0.7359142507140626
1144,0.16288858947869467
1145,0.7959365387626062
1146,0.8238910936115841
1147,0.8965777953975835
1148,0.9040838258688266
1149,0.9790415514746111
1150,0.4020232512026884
1151,0.9790415514746111
1152,0.8347711599720007
1153,0.93454889890339
1154,0.8788567260986282
1155,0.7997862316725662
1156,0.1032371791810749
1157,0.6040828382158887
1158,0.7168092081498101
1159,0.1737307400651094
1160,0.6890129008719705
1161,0.795794141617879
1162,0.9367280685773359
1163,0.856174577602067
1164,0.7804032257027843
1165,0.6242844182589834
1166,0.09868001171121563
1167,0.7943078060296793
1168,0.35704085227296695
1169,0.7816639166742102
1170,0.808085290403761
1171,0.13424077325203845
1172,0.675315914474587
1173,0.07840954468886152
1174,0.8038742741655109
1175,0.6734739203207154
1176,0.9816149193222757
1177,0.08568006775905014
1178,0.7617795148540708
1179,0.792002958545114
1180,0.9054266967383785
1181,0.2501724583186289
1182,0.7973303998320417
1183,0.9816149193222757
1184,0.9816149193222757
1185,0.7988115075255965
1186,0.9816149193222757
1187,0.14281889436550882
1188,0.9260741254959917
1189,0.7631892864326671
1190,0.8038742741655109
1191,0.7849073732006363
1192,0.6666966142959581
1193,0.7849073732006363
1194,0.8442343014777518
1195,0.6715541994352769
1196,0.8820842471747882
1197,0.9398094003687107
1198,0.6611182115926606
1199,0.10195948779238036
1200,0.7843773626706257
1201,0.0810244163568251
1202,0.865030336142851
1203,0.9330461005156481
1204,0.7828028962014223
1205,0.7902692995656116
1206,0.7997862316725662
1207,0.7860158235312538
1208,0.9816149193222757
1209,0.1525856896155169
1210,0.7804032257027843
1211,0.9814449233015834
1212,0.7031241343803089
1213,0.9807357984431548
1214,0.710590811334183
1215,0.7967432155059947
1216,0.7799298156440727
1217,0.7976144080454328
1218,0.720905520890646
1219,0.9814449233015834
1220,0.21503227781546483
1221,0.901761722704279
1222,0.6453635167760103
1223,0.9783758146415572
1224,0.7988115075255965
1225,0.8552403318782176
1226,0.09782336861855817
1227,0.9300652470834627
1228,0.6953267636386464
1229,0.963890588716026
1230,0.7980120140121811
1231,0.7851911631022627
1232,0.970232251476064
1233,0.6832586387867751
1234,0.9814449233015834
1235,0.9107721812101555
1236,0.9809743350662892
1237,0.7814229528187886
1238,0.9757966637829278
1239,0.7829974192879919
1240,0.7717893683629417
1241,0.9801193292523886
1242,0.9012753767982367
1243,0.6801734996139059
1244,0.7897813933875653
1245,0.8835894466859544
1246,0.9790415514746111
1247,0.7849073732006363
1248,0.7985033773067803
1249,0.9065562888918123
1250,0.7977849948049593
1251,0.883184041280549
1252,0.8762827433998832
1253,0.9814449233015834
1254,0.1533856896155169
1255,0.9798903819102774
1256,0.6708846078841271
1257,0.2858294921303806
1258,0.7595033130655618
1259,0.804927395666919
1260,0.8075874549059257
1261,0.9801193292523886
1262,0.4049661158209792
1263,0.839030356223418
1264,0.883184041280549
1265,0.7973610746786675
1266,0.9447727046211025
1267,0.18254517276558135
1268,0.784056873622285
1269,0.9614236929716204
1270,0.7543601958815929
1271,0.9084250596656083
1272,0.16712509753837865
1273,0.6889099568403232
1274,0.10153206625488914
1275,0.9353869810305311
1276,0.7871284310830289
1277,0.11053435780810857
1278,0.1303635341535744
1279,0.7943078060296793
1280,0.7947596818142797
1281,0.14353142146156453
1282,0.7828028962014223
1283,0.9807357984431548
1284,0.8613540489574446
1285,0.9816149193222757
1286,0.1026111713398772
1287,0.8473172110570925
1288,0.771865554512781
1289,0.8780185017663511
1290,0.905357740090722
1291,0.883184041280549
1292,0.7631892864326671
1293,0.39102363852466765
1294,0.09344695609670824
1295,0.7968259324780899
1296,0.6501858113031562
1297,0.0964424162376058
1298,0.9816149193222757
1299,0.9790415514746111
1300,0.14482460023970872
1301,0.9790415514746111
1302,0.9816149193222757
1303,0.6057404041958673
1304,0.9816149193222757
1305,0.9075978228336674
1306,0.9738493625336089
1307,0.810152042650231
1308,0.8371427571308543
1309,0.6242844182589834
1310,0.9194059632095061
1311,0.796415351181341
1312,0.8002356069401567
1313,0.9814449233015834
1314,0.8074307475879141
1315,0.7849073732006363
1316,0.7814229528187886
1317,0.2683372087939958
1318,0.9682226443731128
1319,0.9816149193222757
1320,0.7837683936734241
1321,0.6804585566852509
1322,0.141809011038485
1323,0.806994147913389
1324,0.7781247446901263
1325,0.7596499285011477
1326,0.8498030911229857
1327,0.13855659929104383
1328,0.8022397016041021
1329,0.4097920702493271
1330,0.8085730952818099
1331,0.7861247446901264
1332,0.8560736538935485
1333,0.9790415514746111
1334,0.9534185798958092
1335,0.9030446101825522
1336,0.6433516374227694
1337,0.7948979081932128
1338,0.09543301817339078
1339,0.9738493625336089
1340,0.9816149193222757
1341,0.3140862607723798
1342,0.9323934018573818
1343,0.9807357984431548
1344,0.9801193292523886
1345,0.7837683936734241
1346,0.7740511956078292
1347,0.6804585566852509
1348,0.9648306950651476
1349,0.7943078060296793
1350,0.6242844182589834
1351,0.8710603747426547
1352,0.7988115075255965
1353,0.9816149193222757
1354,0.810152042650231
1355,0.7740511956078292
1356,0.9107721812101555
1357,0.8806233608553582
1358,0.6962715644687222
1359,0.6832586387867751
1360,0.10143840779878723
1361,0.9619958518739208
1362,0.7849073732006363
1363,0.35704085227296695
1364,0.2138458105267702
1365,0.9075978228336674
1366,0.784637102930366
1367,0.9816149193222757
1368,0.11053349392604016
1369,0.912265783296658
1370,0.7973610746786675
1371,0.9783758146415572
1372,0.9072878742703583
1373,0.18699078402471286
1374,0.792900087731717
1375,0.5895794227185315
1376,0.7980327890714862
1377,0.7849073732006363
1378,0.8818723429111516
1379,0.9816149193222757
1380,0.8002906990265182
1381,0.9790415514746111
1382,0.7596499285011477
1383,0.9816149193222757
1384,0.77186339335557
1385,0.6484466409426419
1386,0.7751716454701717
1387,0.8881738205200392
1388,0.7740511956078292
1389,0.7740511956078292
1390,0.7843243477000361
1391,0.8599204205985218
1392,0.7740511956078292
1393,0.7684206847590208
1394,0.8506851924450983
1395,0.9198369145351825
1396,0.972840947128238
1397,0.25875772562765126
1398,0.760604247700328
1399,0.9619958518739208
1400,0.8693782213632822
1401,0.6708846078841271
1402,0.2498899003379784
1403,0.7843773626706257
1404,0.9533436468947595
1405,0.9009203532794845
1406,0.9048377136308281
1407,0.8806233608553582
1408,0.4549605846449498
1409,0.7719467186086153
1410,0.9816149193222757
1411,0.7944273199579187
1412,0.9492751414680943
1413,0.20019294079819594
1414,0.9005167329723792
1415,0.8038742741655109
1416,0.9816149193222757
1417,0.972840947128238
1418,0.4549605846449498
1419,0.30125690916299386
1420,0.866316194989609
1421,0.9783758146415572
1422,0.14647333304939536
1423,0.8958905057604969
1424,0.6252658894170535
1425,0.11848457451355245
1426,0.9816149193222757
1427,0.7765780816778528
1428,0.8078365680828965
1429,0.6398703269613458
1430,0.9746098058413666
1431,0.8550259364398248
1432,0.7956982573301525
1433,0.7740511956078292
1434,0.808085290403761
1435,0.8066872674247766
1436,0.6962715644687222
1437,0.8473172110570925
1438,0.7817362295347557
1439,0.8521926294119446
1440,0.7239703986490035
1441,0.9816149193222757
1442,0.7968564521825194
1443,0.7329022817428839
1444,0.7404590687726114
1445,0.8799598909338237
1446,0.9807357984431548
1447,0.8594284529092271
1448,0.972840947128238
1449,0.9396619918951603
1450,0.7740511956078292
1451,0.7740511956078292
1452,0.7829974192879919
1453,0.2138458105267702
1454,0.7952087036092665
1455,0.800321373873144
1456,0.9816149193222757
1457,0.860720936963687
1458,0.7913359662322782
1459,0.6558347051207959
1460,0.7819687366624183
1461,0.9816149193222757
1462,0.7837683936734241
1463,0.7954538326785557
1464,0.8100606767416402
1465,0.7195568200546529
1466,0.6690787371839574
1467,0.7740511956078292
1468,0.21731921092059336
1469,0.6666966142959581
1470,0.9035043802974947
1471,0.7575310707744515
1472,0.7516360915815063
1473,0.6359244364120749
1474,0.18670155746715772
1475,0.7837683936734241
1476,0.2653673124914963
1477,0.9535782999545526
1478,0.8002906990265182
1479,0.9512411422566496
1480,0.9084250596656083
1481,0.9035043802974947
1482,0.9085281324746616
1483,0.856174577602067
1484,0.25222860991632606
1485,0.9816149193222757
1486,0.9682226443731128
1487,0.9790415514746111
1488,0.9790415514746111
1489,0.7797613432317823
1490,0.6962715644687222
1491,0.4308651987971162
1492,0.7913359662322782
1493,0.810152042650231
1494,0.7922410537832094
1495,0.7740511956078292
1496,0.9303057173428132
1497,0.9816149193222757
1498,0.8819714418725946
1499,0.7863607861621296
1500,0.14544273210784062
1501,0.8411962399854492
1502,0.9814449233015834
1503,0.7202359223893763
1504,0.9555731979137363
1505,0.9353869810305311
1506,0.9816149193222757
1507,0.6801734996139059
1508,0.7988115075255965
1509,0.792900087731717
1510,0.8562436009886512
1511,0.41364932949886557
1512,0.771865554512781
1513,0.3575863068184216
1514,0.6384940522834506
1515,0.8737295519105216
1516,0.9035043802974947
1517,0.7843773626706257
1518,0.8368890896816972
1519,0.9801193292523886
1520,0.8061313429394336
1521,0.6804585566852509
1522,0.968745304805385
1523,0.8036080991504491
1524,0.6362217754528882
1525,0.9814449233015834
1526,0.8084127382845092
1527,0.9798903819102774
1528,0.9816149193222757
1529,0.8008111301755306
1530,0.8958905057604969
1531,0.7735211850778189
1532,0.6359244364120749
1533,0.8550259364398248
1534,0.8976415889442909
1535,0.6241715813311703
1536,0.9816149193222757
1537,0.4320372979831215
1538,0.7988115075255965
1539,0.8918906272409124
1540,0.9220314005967747
1541,0.803918753733223
1542,0.8066872674247766
1543,0.7986938321939994
1544,0.796415351181341
1545,0.9806844799938255
1546,0.7968564521825194
1547,0.6945362342212258
1548,0.7817823587445533
1549,0.9348680415538135
1550,0.6915991848606851
1551,0.16288858947869467
1552,0.5542775550980502
1553,0.9021652070729814
1554,0.16191052631883746
1555,0.8839538516433353
1556,0.2646853523730685
1557,0.2651127670369508
1558,0.6923425183730006
1559,0.9682226443731128
1560,0.8780814959289127
1561,0.7751623320373154
1562,0.9816149193222757
1563,0.7986938321939994
1564,0.8280147873972562
1565,0.808085290403761
1566,0.7752177746799691
1567,0.9790415514746111
1568,0.7335114003626195
1569,0.7887677650694481
1570,0.3889759140779234
1571,0.7039095076073084
1572,0.9028585606714401
1573,0.868972815957877
1574,0.784056873622285
1575,0.9814449233015834
1576,0.9783758146415572
1577,0.810152042650231
1578,0.808085290403761
1579,0.6715541994352769
1580,0.8799598909338237
1581,0.7884032257027844
1582,0.8693782213632822
1583,0.7884032257027844
1584,0.7781247446901263
1585,0.8894051329875936
1586,0.6484314418143035
1587,0.8844672223659884
1588,0.796415351181341
1589,0.9052812949366249
1590,0.5971479048277655
1591,0.963890588716026
1592,0.810152042650231
1593,0.9005167329723792
1594,0.9816149193222757
1595,0.7828028962014223
1596,0.8368890896816972
1597,0.3641683221446252
1598,0.9816149193222757
1599,0.09441990171645047
1600,0.9801193292523886
1601,0.6704879892514066
1602,0.7961860622082013
1603,0.9691645596687014
1604,0.7986938321939994
1605,0.7824393248977124
1606,0.8799408279620344
1607,0.883184041280549
1608,0.9492751414680943
1609,0.5555425354610224
1610,0.7960778207492325
1611,0.7799298156440727
1612,0.9816149193222757
1613,0.8918906272409124
1614,0.7834947781969872
1615,0.19248468868643506
1616,0.8044301986508539
1617,0.2114902756589144
1618,0.9816149193222757
1619,0.9816149193222757
1620,0.9816149193222757
1621,0.12897346644462407
1622,0.9816149193222757
1623,0.7893157642120763
1624,0.8997922161142128
1625,0.22813852377630667
1626,0.10593867534197632
1627,0.8085730952818099
1628,0.7888086311081897
1629,0.8835894466859544
1630,0.8684686170045574
1631,0.9298868245195857
1632,0.8816056762444849
1633,0.7832549896427956
1634,0.9533436468947595
1635,0.28723915563867225
1636,0.22311473071340024
1637,0.31150188385354727
1638,0.20112116787584827
1639,0.8138590187303509
1640,0.8411534156573467
1641,0.6931801860526761
1642,0.7980120140121811
1643,0.9814449233015834
1644,0.8627264617211654
1645,0.9814449233015834
1646,0.662841625281363
1647,0.9319980532451981
1648,0.6945362342212258
1649,0.7947596818142797
1650,0.9182777683240557
1651,0.8073988526490775
1652,0.9223978943523293
1653,0.7849073732006363
1654,0.14281889436550882
1655,0.8647966693102795
1656,0.7836340181962127
1657,0.8338374845855401
1658,0.8835894466859544
1659,0.9801193292523886
1660,0.8368890896816972
1661,0.7884032257027844
1662,0.7957647927847573
1663,0.14482460023970872
1664,0.9059067483665885
1665,0.9447727046211025
1666,0.8042462782812265
1667,0.7990593017921234
1668,0.774412846632587
1669,0.7910867684787379
1670,0.93454889890339
1671,0.9029129926643898
1672,0.7986938321939994
1673,0.6230822747838389
1674,0.6801734996139059
1675,0.7834947781969872
1676,0.8097677982022056
1677,0.9745832338795993
1678,0.8103187412577693
1679,0.7740511956078292
1680,0.7849073732006363
1681,0.6801734996139059
1682,0.9085281324746616
1683,0.08556541292593627
1684,0.8066872674247766
1685,0.8738818028345005
1686,0.5708637430745882
1687,0.7740511956078292
1688,0.675315914474587
1689,0.7927288586612582
1690,0.7913359662322782
1691,0.9816149193222757
1692,0.9745832338795993
1693,0.9089728447618244
1694,0.8883733663467415
1695,0.14712768444016314
1696,0.8054152005449678
1697,0.8835894466859544
1698,0.8037276654008301
1699,0.7593349678712265
1700,0.8065693629036825
1701,0.784637102930366
1702,0.7740511956078292
1703,0.9307246789114092
1704,0.9816149193222757
1705,0.9790415514746111
1706,0.9790415514746111
1707,0.9801193292523886
1708,0.9801193292523886
1709,0.7740511956078292
1710,0.8420775485189124
1711,0.9746098058413666
1712,0.7808086311081898
1713,0.8565799830074725
1714,0.27731311081082394
1715,0.7905925277059618
1716,0.7961860622082013
1717,0.15702201516118855
1718,0.7851849688111527
1719,0.800321373873144
1720,0.9816149193222757
1721,0.9816149193222757
1722,0.9776914006250331
1723,0.9089728447618244
1724,0.7600619541190439
1725,0.7849073732006363
1726,0.7335114003626195
1727,0.9373272895315545
1728,0.7997862316725662
1729,0.7849073732006363
1730,0.7740511956078292
1731,0.7943078060296793
